offset,size,data
0x00000000,0x4,\x99U\x83h
0x00000028,0x4,\x99V\x87h
0x000000D0,0x4,\x99V\x87h
0x00000178,0x4,\x99V\x87h
0x00000220,0x4,\x99V\x87h
0x00000308,0x4,\x99V\x87h
0x000003B0,0x4,\x99V\x87h
0x00000458,0x4,\x99V\x87h
0x00000500,0x4,\x99V\x87h
0x000005A8,0x4,\x99V\x87h
0x00000650,0x4,\x99V\x87h
0x000006F8,0x4,\x99V\x87h
0x000007A0,0x4,\x99V\x87h
0x00000848,0x4,\x99V\x87h
0x000008F0,0x4,\x99V\x87h
0x00000998,0x4,\x99V\x87h
0x00000A40,0x4,\x99V\x87h
0x00000AE8,0x4,\x99V\x87h
0x00000B90,0x4,\x99V\x87h
0x00000C38,0x4,\x99V\x87h
0x00000CE0,0x4,\x99V\x87h
0x00000D88,0x4,\x99V\x87h
0x00000E30,0x4,\x99V\x87h
0x00000ED8,0x4,\x99V\x87h
0x00000F80,0x4,\x99V\x87h
0x00001028,0x4,\x99V\x87h
0x000010D0,0x4,\x99V\x87h
0x00001178,0x4,\x99V\x87h
0x00001220,0x4,\x99V\x87h
0x000012C8,0x4,\x99V\x87h
0x00001370,0x4,\x99V\x87h
0x00001418,0x4,\x99V\x87h
0x000014C0,0x4,\x99V\x87h
0x00001568,0x4,\x99V\x87h
0x00001610,0x4,\x99V\x87h
0x000016B8,0x4,\x99V\x87h
0x00001760,0x4,\x99V\x87h
0x00001808,0x4,\x99V\x87h
0x000018B0,0x4,\x99V\x87h
0x00001958,0x4,\x99V\x87h
0x00001A00,0x4,\x99V\x87h
0x00001AA8,0x4,\x99V\x87h
0x00001B50,0x4,\x99V\x87h
0x00001BF8,0x4,\x99V\x87h
0x00001CA0,0x4,\x99V\x87h
0x00001D48,0x4,\x99V\x87h
0x00001DF0,0x4,\x99V\x87h
0x00001E98,0x4,\x99V\x87h
0x00001F40,0x4,\x99V\x87h
0x00001FE8,0x4,\x99V\x87h
0x00002090,0x4,\x99V\x87h
0x00002138,0x4,\x99V\x87h
0x000021E0,0x4,\x99V\x87h
0x00002288,0x4,\x99V\x87h
0x00002330,0x4,\x99V\x87h
0x000023D8,0x4,\x99V\x87h
0x00002480,0x4,\x99V\x87h
0x00002528,0x4,\x99V\x87h
0x000025D0,0x4,\x99V\x87h
0x00002678,0x4,\x99V\x87h
0x00002720,0x4,\x99V\x87h
0x000027C8,0x4,\x99V\x87h
0x00002870,0x4,\x99V\x87h
0x00002918,0x4,\x99V\x87h
0x000029C0,0x4,\x99V\x87h
0x00002A68,0x4,\x99V\x87h
0x00002B10,0x4,\x99V\x87h
0x00002BB8,0x4,\x99V\x87h
0x00002C60,0x4,\x99V\x87h
0x00002D08,0x4,\x99V\x87h
0x00002DB0,0x4,\x99V\x87h
0x00002E58,0x4,\x99V\x87h
0x00002F00,0x4,\x99V\x87h
0x00002FA8,0x4,\x99V\x87h
0x00003050,0x4,\x99V\x87h
0x000030F8,0x4,\x99V\x87h
0x000031A0,0x4,\x99V\x87h
0x00003248,0x4,\x99V\x87h
0x000032F0,0x4,\x99V\x87h
0x00003398,0x4,\x99V\x87h
0x00003440,0x4,\x99V\x87h
0x000034E8,0x4,\x99V\x87h
0x00003590,0x4,\x99V\x87h
0x00003638,0x4,\x99V\x87h
0x000036E0,0x4,\x99V\x87h
0x00003788,0x4,\x99V\x87h
0x00003830,0x4,\x99V\x87h
0x000038D8,0x4,\x99V\x87h
0x00003980,0x4,\x99V\x87h
0x00003A28,0x4,\x99V\x87h
0x00003AD0,0x4,\x99V\x87h
0x00003B78,0x4,\x99V\x87h
0x00003C20,0x4,\x99V\x87h
0x00003CC8,0x4,\x99V\x87h
0x00003D70,0x4,\x99V\x87h
0x00003E18,0x4,\x99V\x87h
0x00003EC0,0x4,\x99V\x87h
0x00003F68,0x4,\x99V\x87h
0x00004010,0x4,\x99V\x87h
0x000040B8,0x4,\x99V\x87h
0x00004160,0x4,\x99V\x87h
0x00004208,0x4,\x99V\x87h
0x000042B0,0x4,\x99V\x87h
0x00004358,0x4,\x99V\x87h
0x00004400,0x4,\x99V\x87h
0x000044A8,0x4,\x99V\x87h
0x00004550,0x4,\x99V\x87h
0x000045F8,0x4,\x99V\x87h
0x000046A0,0x4,\x99V\x87h
0x00004748,0x4,\x99V\x87h
0x000047F0,0x4,\x99V\x87h
0x00004898,0x4,\x99V\x87h
0x00004940,0x4,\x99V\x87h
0x000049E8,0x4,\x99V\x87h
0x00004A90,0x4,\x99V\x87h
0x00004B38,0x4,\x99V\x87h
0x00004BE0,0x4,\x99V\x87h
0x00004C88,0x4,\x99V\x87h
0x00004D30,0x4,\x99V\x87h
0x00004DD8,0x4,\x99V\x87h
0x00004E80,0x4,\x99V\x87h
0x00004F28,0x4,\x99V\x87h
0x00004FD0,0x4,\x99V\x87h
0x00005078,0x4,\x99V\x87h
0x00005120,0x4,\x99V\x87h
0x000051C8,0x4,\x99V\x87h
0x00005270,0x4,\x99V\x87h
0x00005318,0x4,\x99V\x87h
0x000053C0,0x4,\x99V\x87h
0x00005468,0x4,\x99V\x87h
0x00005510,0x4,\x99V\x87h
0x000055B8,0x4,\x99V\x87h
0x00005660,0x4,\x99V\x87h
0x00005708,0x4,\x99V\x87h
0x000057B0,0x4,\x99V\x87h
0x00005858,0x4,\x99V\x87h
0x00005900,0x4,\x99V\x87h
0x000059A8,0x4,\x99V\x87h
0x00005A50,0x4,\x99V\x87h
0x00005AF8,0x4,\x99V\x87h
0x00005BA0,0x4,\x99V\x87h
0x00005C48,0x4,\x99V\x87h
0x00005CF0,0x4,\x99V\x87h
0x00005D98,0x4,\x99V\x87h
0x00005E40,0x4,\x99V\x87h
0x00005EE8,0x4,\x99V\x87h
0x00005F90,0x4,\x99V\x87h
0x00006038,0x4,\x99V\x87h
0x000060E0,0x4,\x99V\x87h
0x00006188,0x4,\x99V\x87h
0x00006230,0x4,\x99V\x87h
0x000062D8,0x4,\x99V\x87h
0x00006380,0x4,\x99V\x87h
0x00006428,0x4,\x99V\x87h
0x000064D0,0x4,\x99V\x87h
0x00006578,0x4,\x99V\x87h
0x00006620,0x4,\x99V\x87h
0x000066C8,0x4,\x99V\x87h
0x00006770,0x4,\x99V\x87h
0x00006818,0x4,\x99V\x87h
0x000068C0,0x4,\x99V\x87h
0x00006968,0x4,\x99V\x87h
0x00006A10,0x4,\x99V\x87h
0x00006AB8,0x4,\x99V\x87h
0x00006B60,0x4,\x99V\x87h
0x00006C08,0x4,\x99V\x87h
0x00006CB0,0x4,\x99V\x87h
0x00006D58,0x4,\x99V\x87h
0x00006E00,0x4,\x99V\x87h
0x00006EA8,0x4,\x99V\x87h
0x00006F50,0x4,\x99V\x87h
0x00006FF8,0x4,\x99V\x87h
0x000070A0,0x4,\x99V\x87h
0x00007148,0x4,\x99V\x87h
0x000071F0,0x4,\x99V\x87h
0x00007298,0x4,\x99V\x87h
0x00007340,0x4,\x99V\x87h
0x000073E8,0x4,\x99V\x87h
0x00007490,0x4,\x99V\x87h
0x00007538,0x4,\x99V\x87h
0x000075E0,0x4,\x99V\x87h
0x00007688,0x4,\x99V\x87h
0x00007730,0x4,\x99V\x87h
0x000077D8,0x4,\x99V\x87h
0x00007880,0x4,\x99V\x87h
0x00007928,0x4,\x99V\x87h
0x000079D0,0x4,\x99V\x87h
0x00007A78,0x4,\x99V\x87h
0x00007B20,0x4,\x99V\x87h
0x00007BC8,0x4,\x99V\x87h
0x00007C70,0x4,\x99V\x87h
0x00007D18,0x4,\x99V\x87h
0x00007DC0,0x4,\x99V\x87h
0x00007E68,0x4,\x99V\x87h
0x00007F10,0x4,\x99V\x87h
0x00007FB8,0x4,\x99V\x87h
0x00008060,0x4,\x99V\x87h
0x00008108,0x4,\x99V\x87h
0x000081B0,0x4,\x99V\x87h
0x00008258,0x4,\x99V\x87h
0x00008300,0x4,\x99V\x87h
0x000083A8,0x4,\x99V\x87h
0x00008450,0x4,\x99V\x87h
0x000084F8,0x4,\x99V\x87h
0x000085A0,0x4,\x99V\x87h
0x00008648,0x4,\x99V\x87h
0x000086F0,0x4,\x99V\x87h
0x00008798,0x4,\x99V\x87h
0x00008840,0x4,\x99V\x87h
0x000088E8,0x4,\x99V\x87h
0x00008990,0x4,\x99V\x87h
0x00008A38,0x4,\x99V\x87h
0x00008AE0,0x4,\x99V\x87h
0x00008B88,0x4,\x99V\x87h
0x00008C30,0x4,\x99V\x87h
0x00008CD8,0x4,\x99V\x87h
0x00008D80,0x4,\x99V\x87h
0x00008E28,0x4,\x99V\x87h
0x00008ED0,0x4,\x99V\x87h
0x00008F78,0x4,\x99V\x87h
0x00009020,0x4,\x99V\x87h
0x000090C8,0x4,\x99V\x87h
0x00009170,0x4,\x99V\x87h
0x00009218,0x4,\x99V\x87h
0x000092C0,0x4,\x99V\x87h
0x00009368,0x4,\x99V\x87h
0x00009410,0x4,\x99V\x87h
0x000094B8,0x4,\x99V\x87h
0x00009560,0x4,\x99V\x87h
0x00009608,0x4,\x99V\x87h
0x000096B0,0x4,\x99V\x87h
0x00009758,0x4,\x99V\x87h
0x00009800,0x4,\x99V\x87h
0x000098A8,0x4,\x99V\x87h
0x00009950,0x4,\x99V\x87h
0x000099F8,0x4,\x99V\x87h
0x00009AA0,0x4,\x99V\x87h
0x00009B48,0x4,\x99V\x87h
0x00009BF0,0x4,\x99V\x87h
0x00009C98,0x4,\x99V\x87h
0x00009D40,0x4,\x99V\x87h
0x00009DE8,0x4,\x99V\x87h
0x00009E90,0x4,\x99V\x87h
0x00009F38,0x4,\x99V\x87h
0x00009FE0,0x4,\x99V\x87h
0x0000A088,0x4,\x99V\x87h
0x0000A130,0x4,\x99V\x87h
0x0000A1D8,0x4,\x99V\x87h
0x0000A280,0x4,\x99V\x87h
0x0000A328,0x4,\x99V\x87h
0x0000A3D0,0x4,\x99V\x87h
0x0000A478,0x4,\x99V\x87h
0x0000A520,0x4,\x99V\x87h
0x0000A5C8,0x4,\x99V\x87h
0x0000A670,0x4,\x99V\x87h
0x0000A718,0x4,\x99V\x87h
0x0000A7C0,0x4,\x99V\x87h
0x0000A868,0x4,\x99V\x87h
0x0000A910,0x4,\x99V\x87h
0x0000A9B8,0x4,\x99V\x87h
0x0000AA60,0x4,\x99V\x87h
0x0000AB08,0x4,\x99V\x87h
0x0000ABB0,0x4,\x99V\x87h
0x0000AC58,0x4,\x99V\x87h
0x0000AD00,0x4,\x99V\x87h
0x0000ADA8,0x4,\x99V\x87h
0x0000AE50,0x4,\x99V\x87h
0x0000AEF8,0x4,\x99V\x87h
0x0000AFA0,0x4,\x99V\x87h
0x0000B048,0x4,\x99V\x87h
0x0000B0F0,0x4,\x99V\x87h
0x0000B198,0x4,\x99V\x87h
0x0000B240,0x4,\x99V\x87h
0x0000B2E8,0x4,\x99V\x87h
0x0000B390,0x4,\x99V\x87h
0x0000B438,0x4,\x99V\x87h
0x0000B4E0,0x4,\x99V\x87h
0x0000B588,0x4,\x99V\x87h
0x0000B630,0x4,\x99V\x87h
0x0000B6D8,0x4,\x99V\x87h
0x0000B780,0x4,\x99V\x87h
0x0000B828,0x4,\x99V\x87h
0x0000B8D0,0x4,\x99V\x87h
0x0000B978,0x4,\x99V\x87h
0x0000BA20,0x4,\x99V\x87h
0x0000BAC8,0x4,\x99V\x87h
0x0000BB70,0x4,\x99V\x87h
0x0000BC18,0x4,\x99V\x87h
0x0000BCC0,0x4,\x99V\x87h
0x0000BD68,0x4,\x99V\x87h
0x0000BE10,0x4,\x99V\x87h
0x0000BEB8,0x4,\x99V\x87h
0x0000BF60,0x4,\x99V\x87h
0x0000C008,0x4,\x99V\x87h
0x0000C0B0,0x4,\x99V\x87h
0x0000C158,0x4,\x99V\x87h
0x0000C200,0x4,\x99V\x87h
0x0000C2A8,0x4,\x99V\x87h
0x0000C350,0x4,\x99V\x87h
0x0000C3F8,0x4,\x99V\x87h
0x0000C4A0,0x4,\x99V\x87h
0x0000C548,0x4,\x99V\x87h
0x0000C5F0,0x4,\x99V\x87h
0x0000C698,0x4,\x99V\x87h
0x0000C740,0x4,\x99V\x87h
0x0000C7E8,0x4,\x99V\x87h
0x0000C890,0x4,\x99V\x87h
0x0000C938,0x4,\x99V\x87h
0x0000C9E0,0x4,\x99V\x87h
0x0000CA88,0x4,\x99V\x87h
0x0000CB30,0x4,\x99V\x87h
0x0000CBD8,0x4,\x99V\x87h
0x0000CC80,0x4,\x99V\x87h
0x0000CD28,0x4,\x99V\x87h
0x0000CDD0,0x4,\x99V\x87h
0x0000CE78,0x4,\x99V\x87h
0x0000CF20,0x4,\x99V\x87h
0x0000CFC8,0x4,\x99V\x87h
0x0000D070,0x4,\x99V\x87h
0x0000D118,0x4,\x99V\x87h
0x0000D1C0,0x4,\x99V\x87h
0x0000D268,0x4,\x99V\x87h
0x0000D310,0x4,\x99V\x87h
0x0000D3B8,0x4,\x99V\x87h
0x0000D460,0x4,\x99V\x87h
0x0000D508,0x4,\x99V\x87h
0x0000D5B0,0x4,\x99V\x87h
0x0000D658,0x4,\x99V\x87h
0x0000D700,0x4,\x99V\x87h
0x0000D7A8,0x4,\x99V\x87h
0x0000D850,0x4,\x99V\x87h
0x0000D8F8,0x4,\x99V\x87h
0x0000D9A0,0x4,\x99V\x87h
0x0000DA48,0x4,\x99V\x87h
0x0000DAF0,0x4,\x99V\x87h
0x0000DB98,0x4,\x99V\x87h
0x0000DC40,0x4,\x99V\x87h
0x0000DCE8,0x4,\x99V\x87h
0x0000DD90,0x4,\x99V\x87h
0x0000DE38,0x4,\x99V\x87h
0x0000DEE0,0x4,\x99V\x87h
0x0000DF88,0x4,\x99V\x87h
0x0000E030,0x4,\x99V\x87h
0x0000E0D8,0x4,\x99V\x87h
0x0000E180,0x4,\x99V\x87h
0x0000E228,0x4,\x99V\x87h
0x0000E2D0,0x4,\x99V\x87h
0x0000E378,0x4,\x99V\x87h
0x0000E420,0x4,\x99V\x87h
0x0000E4C8,0x4,\x99V\x87h
0x0000E570,0x4,\x99V\x87h
0x0000E618,0x4,\x99V\x87h
0x0000E6C0,0x4,\x99V\x87h
0x0000E768,0x4,\x99V\x87h
0x0000E810,0x4,\x99V\x87h
0x0000E8B8,0x4,\x99V\x87h
0x0000E960,0x4,\x99V\x87h
0x0000EA08,0x4,\x99V\x87h
0x0000EAB0,0x4,\x99V\x87h
0x0000EB58,0x4,\x99V\x87h
0x0000EC00,0x4,\x99V\x87h
0x0000ECA8,0x4,\x99V\x87h
0x0000ED50,0x4,\x99V\x87h
0x0000EDF8,0x4,\x99V\x87h
0x0000EEA0,0x4,\x99V\x87h
0x0000EF48,0x4,\x99V\x87h
0x0000EFF0,0x4,\x99V\x87h
0x0000F098,0x4,\x99V\x87h
0x0000F140,0x4,\x99V\x87h
0x0000F1E8,0x4,\x99V\x87h
0x0000F290,0x4,\x99V\x87h
0x0000F338,0x4,\x99V\x87h
0x0000F3E0,0x4,\x99V\x87h
0x0000F488,0x4,\x99V\x87h
0x0000F530,0x4,\x99V\x87h
0x0000F5D8,0x4,\x99V\x87h
0x0000F680,0x4,\x99V\x87h
0x0000F728,0x4,\x99V\x87h
0x0000F7D0,0x4,\x99V\x87h
0x0000F878,0x4,\x99V\x87h
0x0000F920,0x4,\x99V\x87h
0x0000F9C8,0x4,\x99V\x87h
0x0000FA70,0x4,\x99V\x87h
0x0000FB18,0x4,\x99V\x87h
0x0000FBC0,0x4,\x99V\x87h
0x0000FC68,0x4,\x99V\x87h
0x0000FD10,0x4,\x99V\x87h
0x0000FDB8,0x4,\x99V\x87h
0x0000FE60,0x4,\x99V\x87h
0x0000FF08,0x4,\x99V\x87h
0x0000FFB0,0x4,\x99V\x87h
0x00010058,0x4,\x99V\x87h
0x00010100,0x4,\x99V\x87h
0x000101A8,0x4,\x99V\x87h
0x00010250,0x4,\x99V\x87h
0x000102F8,0x4,\x99V\x87h
0x000103A0,0x4,\x99V\x87h
0x00010448,0x4,\x99V\x87h
0x000104F0,0x4,\x99V\x87h
0x00010598,0x4,\x99V\x87h
0x00010640,0x4,\x99V\x87h
0x000106E8,0x4,\x99V\x87h
0x00010790,0x4,\x99V\x87h
0x00010838,0x4,\x99V\x87h
0x000108E0,0x4,\x99V\x87h
0x00010988,0x4,\x99V\x87h
0x00010A30,0x4,\x99V\x87h
0x00010AD8,0x4,\x99V\x87h
0x00010B80,0x4,\x99V\x87h
0x00010C28,0x4,\x99V\x87h
0x00010CD0,0x4,\x99V\x87h
0x00010D78,0x4,\x99V\x87h
0x00010E20,0x4,\x99V\x87h
0x00010EC8,0x4,\x99V\x87h
0x00010F70,0x4,\x99V\x87h
0x00011018,0x4,\x99V\x87h
0x000110C0,0x4,\x99V\x87h
0x00011168,0x4,\x99V\x87h
0x00011210,0x4,\x99V\x87h
0x000112B8,0x4,\x99V\x87h
0x00011360,0x4,\x99V\x87h
0x00011408,0x4,\x99V\x87h
0x000114B0,0x4,\x99V\x87h
0x00011558,0x4,\x99V\x87h
0x00011600,0x4,\x99V\x87h
0x000116A8,0x4,\x99V\x87h
0x00011750,0x4,\x99V\x87h
0x000117F8,0x4,\x99V\x87h
0x000118A0,0x4,\x99V\x87h
0x00011948,0x4,\x99V\x87h
0x000119F0,0x4,\x99V\x87h
0x00011A98,0x4,\x99V\x87h
0x00011B40,0x4,\x99V\x87h
0x00011BE8,0x4,\x99V\x87h
0x00011C90,0x4,\x99V\x87h
0x00011D38,0x4,\x99V\x87h
0x00011DE0,0x4,\x99V\x87h
0x00011E88,0x4,\x99V\x87h
0x00011F30,0x4,\x99V\x87h
0x00011FD8,0x4,\x99V\x87h
0x00012080,0x4,\x99V\x87h
0x00012128,0x4,\x99V\x87h
0x000121D0,0x4,\x99V\x87h
0x00012278,0x4,\x99V\x87h
0x00012320,0x4,\x99V\x87h
0x000123C8,0x4,\x99V\x87h
0x00012470,0x4,\x99V\x87h
0x00012518,0x4,\x99V\x87h
0x000125C0,0x4,\x99V\x87h
0x00012668,0x4,\x99V\x87h
0x00012710,0x4,\x99V\x87h
0x000127B8,0x4,\x99V\x87h
0x00012860,0x4,\x99V\x87h
0x00012908,0x4,\x99V\x87h
0x000129B0,0x4,\x99V\x87h
0x00012A58,0x4,\x99V\x87h
0x00012B00,0x4,\x99V\x87h
0x00012BA8,0x4,\x99V\x87h
0x00012C50,0x4,\x99V\x87h
0x00012CF8,0x4,\x99V\x87h
0x00012DA0,0x4,\x99V\x87h
0x00012E48,0x4,\x99V\x87h
0x00012EF0,0x4,\x99V\x87h
0x00012F98,0x4,\x99V\x87h
0x00013040,0x4,\x99V\x87h
0x000130E8,0x4,\x99V\x87h
0x00013190,0x4,\x99V\x87h
0x00013238,0x4,\x99V\x87h
0x000132E0,0x4,\x99V\x87h
0x00013388,0x4,\x99V\x87h
0x00013430,0x4,\x99V\x87h
0x000134D8,0x4,\x99V\x87h
0x00013580,0x4,\x99V\x87h
0x00013628,0x4,\x99V\x87h
0x000136D0,0x4,\x99V\x87h
0x00013778,0x4,\x99V\x87h
0x00013820,0x4,\x99V\x87h
0x000138C8,0x4,\x99V\x87h
0x00013970,0x4,\x99V\x87h
0x00013A18,0x4,\x99V\x87h
0x00013AC0,0x4,\x99V\x87h
0x00013B68,0x4,\x99V\x87h
0x00013C10,0x4,\x99V\x87h
0x00013CB8,0x4,\x99V\x87h
0x00013D60,0x4,\x99V\x87h
0x00013E08,0x4,\x99V\x87h
0x00013EB0,0x4,\x99V\x87h
0x00013F58,0x4,\x99V\x87h
0x00014000,0x4,\x99V\x87h
0x000140A8,0x4,\x99V\x87h
0x00014150,0x4,\x99V\x87h
0x000141F8,0x4,\x99V\x87h
0x000142A0,0x4,\x99V\x87h
0x00014348,0x4,\x99V\x87h
0x000143F0,0x4,\x99V\x87h
0x00014498,0x4,\x99V\x87h
0x00014540,0x4,\x99V\x87h
0x000145E8,0x4,\x99V\x87h
0x00014690,0x4,\x99V\x87h
0x00014738,0x4,\x99V\x87h
0x000147E0,0x4,\x99V\x87h
0x00014888,0x4,\x99V\x87h
0x00014930,0x4,\x99V\x87h
0x000149D8,0x4,\x99V\x87h
0x00014A80,0x4,\x99V\x87h
0x00014B28,0x4,\x99V\x87h
0x00014BD0,0x4,\x99V\x87h
0x00014C78,0x4,\x99V\x87h
0x00014D20,0x4,\x99V\x87h
0x00014DC8,0x4,\x99V\x87h
0x00014E70,0x4,\x99V\x87h
0x00014F18,0x4,\x99V\x87h
0x00014FC0,0x4,\x99V\x87h
0x00015068,0x4,\x99V\x87h
0x00015110,0x4,\x99V\x87h
0x000151B8,0x4,\x99V\x87h
0x00015260,0x4,\x99V\x87h
0x00015308,0x4,\x99V\x87h
0x000153B0,0x4,\x99V\x87h
0x00015458,0x4,\x99V\x87h
0x00015500,0x4,\x99V\x87h
0x000155A8,0x4,\x99V\x87h
0x00015650,0x4,\x99V\x87h
0x000156F8,0x4,\x99V\x87h
0x000157A0,0x4,\x99V\x87h
0x00015848,0x4,\x99V\x87h
0x000158F0,0x4,\x99V\x87h
0x00015998,0x4,\x99V\x87h
0x00015A40,0x4,\x99V\x87h
0x00015AE8,0x4,\x99V\x87h
0x00015B90,0x4,\x99V\x87h
0x00015C38,0x4,\x99V\x87h
0x00015CE0,0x4,\x99V\x87h
0x00015D88,0x4,\x99V\x87h
0x00015E30,0x4,\x99V\x87h
0x00015ED8,0x4,\x99V\x87h
0x00015F80,0x4,\x99V\x87h
0x00016028,0x4,\x99V\x87h
0x000160D0,0x4,\x99V\x87h
0x00016178,0x4,\x99V\x87h
0x00016220,0x4,\x99V\x87h
0x000162C8,0x4,\x99V\x87h
0x00016370,0x4,\x99V\x87h
0x00016418,0x4,\x99V\x87h
0x000164C0,0x4,\x99V\x87h
0x00016568,0x4,\x99V\x87h
0x00016610,0x4,\x99V\x87h
0x000166B8,0x4,\x99V\x87h
0x00016760,0x4,\x99V\x87h
0x00016808,0x4,\x99V\x87h
0x000168B0,0x4,\x99V\x87h
0x00016958,0x4,\x99V\x87h
0x00016A00,0x4,\x99V\x87h
0x00016AA8,0x4,\x99V\x87h
0x00016B50,0x4,\x99V\x87h
0x00016BF8,0x4,\x99V\x87h
0x00016CA0,0x4,\x99V\x87h
0x00016D48,0x4,\x99V\x87h
0x00016DF0,0x4,\x99V\x87h
0x00016E98,0x4,\x99V\x87h
0x00016F40,0x4,\x99V\x87h
0x00016FE8,0x4,\x99V\x87h
0x00017090,0x4,\x99V\x87h
0x00017138,0x4,\x99V\x87h
0x000171E0,0x4,\x99V\x87h
0x00017288,0x4,\x99V\x87h
0x00017330,0x4,\x99V\x87h
0x000173D8,0x4,\x99V\x87h
0x00017480,0x4,\x99V\x87h
0x00017528,0x4,\x99V\x87h
0x000175D0,0x4,\x99V\x87h
0x00017678,0x4,\x99V\x87h
0x00017720,0x4,\x99V\x87h
0x000177C8,0x4,\x99V\x87h
0x00017870,0x4,\x99V\x87h
0x00017918,0x4,\x99V\x87h
0x000179C0,0x4,\x99V\x87h
0x00017A68,0x4,\x99V\x87h
0x00017B10,0x4,\x99V\x87h
0x00017BB8,0x4,\x99V\x87h
0x00017C60,0x4,\x99V\x87h
0x00017D08,0x4,\x99V\x87h
0x00017DB0,0x4,\x99V\x87h
0x00017E58,0x4,\x99V\x87h
0x00017F00,0x4,\x99V\x87h
0x00017FA8,0x4,\x99V\x87h
0x00018050,0x4,\x99V\x87h
0x000180F8,0x4,\x99V\x87h
0x000181A0,0x4,\x99V\x87h
0x00018248,0x4,\x99V\x87h
0x000182F0,0x4,\x99V\x87h
0x00018398,0x4,\x99V\x87h
0x00018440,0x4,\x99V\x87h
0x000184E8,0x4,\x99V\x87h
0x00018590,0x4,\x99V\x87h
0x00018638,0x4,\x99V\x87h
0x000186E0,0x4,\x99V\x87h
0x00018788,0x4,\x99V\x87h
0x00018830,0x4,\x99V\x87h
0x000188D8,0x4,\x99V\x87h
0x00018980,0x4,\x99V\x87h
0x00018A28,0x4,\x99V\x87h
0x00018AD0,0x4,\x99V\x87h
0x00018B78,0x4,\x99V\x87h
0x00018C20,0x4,\x99V\x87h
0x00018CC8,0x4,\x99V\x87h
0x00018D70,0x4,\x99V\x87h
0x00018E18,0x4,\x99V\x87h
0x00018EC0,0x4,\x99V\x87h
0x00018F68,0x4,\x99V\x87h
0x00019010,0x4,\x99V\x87h
0x000190B8,0x4,\x99V\x87h
0x00019160,0x4,\x99V\x87h
0x00019208,0x4,\x99V\x87h
0x000192B0,0x4,\x99V\x87h
0x00019358,0x4,\x99V\x87h
0x00019400,0x4,\x99V\x87h
0x000194A8,0x4,\x99V\x87h
0x00019550,0x4,\x99V\x87h
0x000195F8,0x4,\x99V\x87h
0x000196A0,0x4,\x99V\x87h
0x00019748,0x4,\x99V\x87h
0x000197F0,0x4,\x99V\x87h
0x00019898,0x4,\x99V\x87h
0x00019940,0x4,\x99V\x87h
0x000199E8,0x4,\x99V\x87h
0x00019A90,0x4,\x99V\x87h
0x00019B38,0x4,\x99V\x87h
0x00019BE0,0x4,\x99V\x87h
0x00019C88,0x4,\x99V\x87h
0x00019D30,0x4,\x99V\x87h
0x00019DD8,0x4,\x99V\x87h
0x00019E80,0x4,\x99V\x87h
0x00019F28,0x4,\x99V\x87h
0x00019FD0,0x4,\x99V\x87h
0x0001A078,0x4,\x99V\x87h
0x0001A120,0x4,\x99V\x87h
0x0001A1C8,0x4,\x99V\x87h
0x0001A270,0x4,\x99V\x87h
0x0001A318,0x4,\x99V\x87h
0x0001A3C0,0x4,\x99V\x87h
0x0001A468,0x4,\x99V\x87h
0x0001A510,0x4,\x99V\x87h
0x0001A5B8,0x4,\x99V\x87h
0x0001A660,0x4,\x99V\x87h
0x0001A708,0x4,\x99V\x87h
0x0001A7B0,0x4,\x99V\x87h
0x0001A858,0x4,\x99V\x87h
0x0001A900,0x4,\x99V\x87h
0x0001A9A8,0x4,\x99V\x87h
0x0001AA50,0x4,\x99V\x87h
0x0001AAF8,0x4,\x99V\x87h
0x0001ABA0,0x4,\x99V\x87h
0x0001AC48,0x4,\x99V\x87h
0x0001ACF0,0x4,\x99V\x87h
0x0001AD98,0x4,\x99V\x87h
0x0001AE40,0x4,\x99V\x87h
0x0001AEE8,0x4,\x99V\x87h
0x0001AF90,0x4,\x99V\x87h
0x0001B038,0x4,\x99V\x87h
0x0001B0E0,0x4,\x99V\x87h
0x0001B188,0x4,\x99V\x87h
0x0001B230,0x4,\x99V\x87h
0x0001B2D8,0x4,\x99V\x87h
0x0001B380,0x4,\x99V\x87h
0x0001B428,0x4,\x99V\x87h
0x0001B4D0,0x4,\x99V\x87h
0x0001B578,0x4,\x99V\x87h
0x0001B620,0x4,\x99V\x87h
0x0001B6C8,0x4,\x99V\x87h
0x0001B770,0x4,\x99V\x87h
0x0001B818,0x4,\x99V\x87h
0x0001B8C0,0x4,\x99V\x87h
0x0001B968,0x4,\x99V\x87h
0x0001BA10,0x4,\x99V\x87h
0x0001BAB8,0x4,\x99V\x87h
0x0001BB60,0x4,\x99V\x87h
0x0001BC08,0x4,\x99V\x87h
0x0001BCB0,0x4,\x99V\x87h
0x0001BD58,0x4,\x99V\x87h
0x0001BE00,0x4,\x99V\x87h
0x0001BEA8,0x4,\x99V\x87h
0x0001BF50,0x4,\x99V\x87h
0x0001BFF8,0x4,\x99V\x87h
0x0001C0A0,0x4,\x99V\x87h
0x0001C148,0x4,\x99V\x87h
0x0001C1F0,0x4,\x99V\x87h
0x0001C298,0x4,\x99V\x87h
0x0001C340,0x4,\x99V\x87h
0x0001C3E8,0x4,\x99V\x87h
0x0001C490,0x4,\x99V\x87h
0x0001C538,0x4,\x99V\x87h
0x0001C5E0,0x4,\x99V\x87h
0x0001C688,0x4,\x99V\x87h
0x0001C730,0x4,\x99V\x87h
0x0001C7D8,0x4,\x99V\x87h
0x0001C880,0x4,\x99V\x87h
0x0001C928,0x4,\x99V\x87h
0x0001C9D0,0x4,\x99V\x87h
0x0001CA78,0x4,\x99V\x87h
0x0001CB20,0x4,\x99V\x87h
0x0001CBC8,0x4,\x99V\x87h
0x0001CC70,0x4,\x99V\x87h
0x0001CD18,0x4,\x99V\x87h
0x0001CDC0,0x4,\x99V\x87h
0x0001CE68,0x4,\x99V\x87h
0x0001CF10,0x4,\x99V\x87h
0x0001CFB8,0x4,\x99V\x87h
0x0001D060,0x4,\x99V\x87h
0x0001D108,0x4,\x99V\x87h
0x0001D1B0,0x4,\x99V\x87h
0x0001D258,0x4,\x99V\x87h
0x0001D300,0x4,\x99V\x87h
0x0001D3A8,0x4,\x99V\x87h
0x0001D450,0x4,\x99V\x87h
0x0001D4F8,0x4,\x99V\x87h
0x0001D5A0,0x4,\x99V\x87h
0x0001D648,0x4,\x99V\x87h
0x0001D6F0,0x4,\x99V\x87h
0x0001D798,0x4,\x99V\x87h
0x0001D840,0x4,\x99V\x87h
0x0001D8E8,0x4,\x99V\x87h
0x0001D990,0x4,\x99V\x87h
0x0001DA38,0x4,\x99V\x87h
0x0001DAE0,0x4,\x99V\x87h
0x0001DB88,0x4,\x99V\x87h
0x0001DC30,0x4,\x99V\x87h
0x0001DCD8,0x4,\x99V\x87h
0x0001DD80,0x4,\x99V\x87h
0x0001DE28,0x4,\x99V\x87h
0x0001DED0,0x4,\x99V\x87h
0x0001DF78,0x4,\x99V\x87h
0x0001E020,0x4,\x99V\x87h
0x0001E0C8,0x4,\x99V\x87h
0x0001E170,0x4,\x99V\x87h
0x0001E218,0x4,\x99V\x87h
0x0001E2C0,0x4,\x99V\x87h
0x0001E368,0x4,\x99V\x87h
0x0001E410,0x4,\x99V\x87h
0x0001E4B8,0x4,\x99V\x87h
0x0001E560,0x4,\x99V\x87h
0x0001E608,0x4,\x99V\x87h
0x0001E6B0,0x4,\x99V\x87h
0x0001E758,0x4,\x99V\x87h
0x0001E800,0x4,\x99V\x87h
0x0001E8A8,0x4,\x99V\x87h
0x0001E950,0x4,\x99V\x87h
0x0001E9F8,0x4,\x99V\x87h
0x0001EAA0,0x4,\x99V\x87h
0x0001EB48,0x4,\x99V\x87h
0x0001EBF0,0x4,\x99V\x87h
0x0001EC98,0x4,\x99V\x87h
0x0001ED40,0x4,\x99V\x87h
0x0001EDE8,0x4,\x99V\x87h
0x0001EE90,0x4,\x99V\x87h
0x0001EF38,0x4,\x99V\x87h
0x0001EFE0,0x4,\x99V\x87h
0x0001F088,0x4,\x99V\x87h
0x0001F130,0x4,\x99V\x87h
0x0001F1D8,0x4,\x99V\x87h
0x0001F280,0x4,\x99V\x87h
0x0001F328,0x4,\x99V\x87h
0x0001F3D0,0x4,\x99V\x87h
0x0001F478,0x4,\x99V\x87h
0x0001F520,0x4,\x99V\x87h
0x0001F5C8,0x4,\x99V\x87h
0x0001F670,0x4,\x99V\x87h
0x0001F718,0x4,\x99V\x87h
0x0001F7C0,0x4,\x99V\x87h
0x0001F868,0x4,\x99V\x87h
0x0001F910,0x4,\x99V\x87h
0x0001F9B8,0x4,\x99V\x87h
0x0001FA60,0x4,\x99V\x87h
0x0001FB08,0x4,\x99V\x87h
0x0001FBB0,0x4,\x99V\x87h
0x0001FC58,0x4,\x99V\x87h
0x0001FD00,0x4,\x99V\x87h
0x0001FDA8,0x4,\x99V\x87h
0x0001FE50,0x4,\x99V\x87h
0x0001FEF8,0x4,\x99V\x87h
0x0001FFA0,0x4,\x99V\x87h
0x00020048,0x4,\x99V\x87h
0x000200F0,0x4,\x99V\x87h
0x00020198,0x4,\x99V\x87h
0x00020240,0x4,\x99V\x87h
0x000202E8,0x4,\x99V\x87h
0x00020390,0x4,\x99V\x87h
0x00020438,0x4,\x99V\x87h
0x000204E0,0x4,\x99V\x87h
0x00020588,0x4,\x99V\x87h
0x00020630,0x4,\x99V\x87h
0x000206D8,0x4,\x99V\x87h
0x00020780,0x4,\x99V\x87h
0x00020828,0x4,\x99V\x87h
0x000208D0,0x4,\x99V\x87h
0x00020978,0x4,\x99V\x87h
0x00020A20,0x4,\x99V\x87h
0x00020AC8,0x4,\x99V\x87h
0x00020B70,0x4,\x99V\x87h
0x00020C18,0x4,\x99V\x87h
0x00020CC0,0x4,\x99V\x87h
0x00020D68,0x4,\x99V\x87h
0x00020E10,0x4,\x99V\x87h
0x00020EB8,0x4,\x99V\x87h
0x00020F60,0x4,\x99V\x87h
0x00021008,0x4,\x99V\x87h
0x000210B0,0x4,\x99V\x87h
0x00021158,0x4,\x99V\x87h
0x00021200,0x4,\x99V\x87h
0x000212A8,0x4,\x99V\x87h
0x00021350,0x4,\x99V\x87h
0x000213F8,0x4,\x99V\x87h
0x000214A0,0x4,\x99V\x87h
0x00021548,0x4,\x99V\x87h
0x000215F0,0x4,\x99V\x87h
0x00021698,0x4,\x99V\x87h
0x00021740,0x4,\x99V\x87h
0x000217E8,0x4,\x99V\x87h
0x00021890,0x4,\x99V\x87h
0x00021938,0x4,\x99V\x87h
0x000219E0,0x4,\x99V\x87h
0x00021A88,0x4,\x99V\x87h
0x00021B30,0x4,\x99V\x87h
0x00021BD8,0x4,\x99V\x87h
0x00021C80,0x4,\x99V\x87h
0x00021D28,0x4,\x99V\x87h
0x00021DD0,0x4,\x99V\x87h
0x00021E78,0x4,\x99V\x87h
0x00021F20,0x4,\x99V\x87h
0x00021FC8,0x4,\x99V\x87h
0x00022070,0x4,\x99V\x87h
0x00022118,0x4,\x99V\x87h
0x000221C0,0x4,\x99V\x87h
0x00022268,0x4,\x99V\x87h
0x00022310,0x4,\x99V\x87h
0x000223B8,0x4,\x99V\x87h
0x00022460,0x4,\x99V\x87h
0x00022508,0x4,\x99V\x87h
0x000225B0,0x4,\x99V\x87h
0x00022658,0x4,\x99V\x87h
0x00022700,0x4,\x99V\x87h
0x000227A8,0x4,\x99V\x87h
0x00022850,0x4,\x99V\x87h
0x000228F8,0x4,\x99V\x87h
0x000229A0,0x4,\x99V\x87h
0x00022A48,0x4,\x99V\x87h
0x00022AF0,0x4,\x99V\x87h
0x00022B98,0x4,\x99V\x87h
0x00022C40,0x4,\x99V\x87h
0x00022CE8,0x4,\x99V\x87h
0x00022D90,0x4,\x99V\x87h
0x00022E38,0x4,\x99V\x87h
0x00022EE0,0x4,\x99V\x87h
0x00022F88,0x4,\x99V\x87h
0x00023030,0x4,\x99V\x87h
0x000230D8,0x4,\x99V\x87h
0x00023180,0x4,\x99V\x87h
0x00023228,0x4,\x99V\x87h
0x000232D0,0x4,\x99V\x87h
0x00023378,0x4,\x99V\x87h
0x00023420,0x4,\x99V\x87h
0x000234C8,0x4,\x99V\x87h
0x00023570,0x4,\x99V\x87h
0x00023618,0x4,\x99V\x87h
0x000236C0,0x4,\x99V\x87h
0x00023768,0x4,\x99V\x87h
0x00023810,0x4,\x99V\x87h
0x000238B8,0x4,\x99V\x87h
0x00023960,0x4,\x99V\x87h
0x00023A08,0x4,\x99V\x87h
0x00023AB0,0x4,\x99V\x87h
0x00023B58,0x4,\x99V\x87h
0x00023C00,0x4,\x99V\x87h
0x00023CA8,0x4,\x99V\x87h
0x00023D50,0x4,\x99V\x87h
0x00023DF8,0x4,\x99V\x87h
0x00023EA0,0x4,\x99V\x87h
0x00023F48,0x4,\x99V\x87h
0x00023FF0,0x4,\x99V\x87h
0x00024098,0x4,\x99V\x87h
0x00024140,0x4,\x99V\x87h
0x000241E8,0x4,\x99V\x87h
0x00024290,0x4,\x99V\x87h
0x00024338,0x4,\x99V\x87h
0x000243E0,0x4,\x99V\x87h
0x00024488,0x4,\x99V\x87h
0x00024530,0x4,\x99V\x87h
0x000245D8,0x4,\x99V\x87h
0x00024680,0x4,\x99V\x87h
0x00024728,0x4,\x99V\x87h
0x000247D0,0x4,\x99V\x87h
0x00024878,0x4,\x99V\x87h
0x00024920,0x4,\x99V\x87h
0x000249C8,0x4,\x99V\x87h
0x00024A70,0x4,\x99V\x87h
0x00024B18,0x4,\x99V\x87h
0x00024BC0,0x4,\x99V\x87h
0x00024C68,0x4,\x99V\x87h
0x00024D10,0x4,\x99V\x87h
0x00024DB8,0x4,\x99V\x87h
0x00024E60,0x4,\x99V\x87h
0x00024F08,0x4,\x99V\x87h
0x00024FB0,0x4,\x99V\x87h
0x00025058,0x4,\x99V\x87h
0x00025100,0x4,\x99V\x87h
0x000251A8,0x4,\x99V\x87h
0x00025250,0x4,\x99V\x87h
0x000252F8,0x4,\x99V\x87h
0x000253A0,0x4,\x99V\x87h
0x00025448,0x4,\x99V\x87h
0x000254F0,0x4,\x99V\x87h
0x00025598,0x4,\x99V\x87h
0x00025640,0x4,\x99V\x87h
0x000256E8,0x4,\x99V\x87h
0x00025790,0x4,\x99V\x87h
0x00025838,0x4,\x99V\x87h
0x000258E0,0x4,\x99V\x87h
0x00025988,0x4,\x99V\x87h
0x00025A30,0x4,\x99V\x87h
0x00025AD8,0x4,\x99V\x87h
0x00025B80,0x4,\x99V\x87h
0x00025C28,0x4,\x99V\x87h
0x00025CD0,0x4,\x99V\x87h
0x00025D78,0x4,\x99V\x87h
0x00025E20,0x4,\x99V\x87h
0x00025EC8,0x4,\x99V\x87h
0x00025F70,0x4,\x99V\x87h
0x00026018,0x4,\x99V\x87h
0x000260C0,0x4,\x99V\x87h
0x00026168,0x4,\x99V\x87h
0x00026210,0x4,\x99V\x87h
0x000262B8,0x4,\x99V\x87h
0x00026360,0x4,\x99V\x87h
0x00026408,0x4,\x99V\x87h
0x000264B0,0x4,\x99V\x87h
0x00026558,0x4,\x99V\x87h
0x00026600,0x4,\x99V\x87h
0x000266A8,0x4,\x99V\x87h
0x00026750,0x4,\x99V\x87h
0x000267F8,0x4,\x99V\x87h
0x000268A0,0x4,\x99V\x87h
0x00026948,0x4,\x99V\x87h
0x000269F0,0x4,\x99V\x87h
0x00026A98,0x4,\x99V\x87h
0x00026B40,0x4,\x99V\x87h
0x00026BE8,0x4,\x99V\x87h
0x00026C90,0x4,\x99V\x87h
0x00026D38,0x4,\x99V\x87h
0x00026DE0,0x4,\x99V\x87h
0x00026E88,0x4,\x99V\x87h
0x00026F30,0x4,\x99V\x87h
0x00026FD8,0x4,\x99V\x87h
0x00027080,0x4,\x99V\x87h
0x00027128,0x4,\x99V\x87h
0x000271D0,0x4,\x99V\x87h
0x00027278,0x4,\x99V\x87h
0x00027320,0x4,\x99V\x87h
0x000273C8,0x4,\x99V\x87h
0x00027470,0x4,\x99V\x87h
0x00027518,0x4,\x99V\x87h
0x000275C0,0x4,\x99V\x87h
0x00027668,0x4,\x99V\x87h
0x00027710,0x4,\x99V\x87h
0x000277B8,0x4,\x99V\x87h
0x00027860,0x4,\x99V\x87h
0x00027908,0x4,\x99V\x87h
0x000279B0,0x4,\x99V\x87h
0x00027A58,0x4,\x99V\x87h
0x00027B00,0x4,\x99V\x87h
0x00027BA8,0x4,\x99V\x87h
0x00027C50,0x4,\x99V\x87h
0x00027CF8,0x4,\x99V\x87h
0x00027DA0,0x4,\x99V\x87h
0x00027E48,0x4,\x99V\x87h
0x00027EF0,0x4,\x99V\x87h
0x00027F98,0x4,\x99V\x87h
0x00028040,0x4,\x99V\x87h
0x000280E8,0x4,\x99V\x87h
0x00028190,0x4,\x99V\x87h
0x00028238,0x4,\x99V\x87h
0x000282E0,0x4,\x99V\x87h
0x00028388,0x4,\x99V\x87h
0x00028430,0x4,\x99V\x87h
0x000284D8,0x4,\x99V\x87h
0x00028580,0x4,\x99V\x87h
0x00028628,0x4,\x99V\x87h
0x000286D0,0x4,\x99V\x87h
0x00028778,0x4,\x99V\x87h
0x00028820,0x4,\x99V\x87h
0x000288C8,0x4,\x99V\x87h
0x00028970,0x4,\x99V\x87h
0x00028A18,0x4,\x99V\x87h
0x00028AC0,0x4,\x99V\x87h
0x00028B68,0x4,\x99V\x87h
0x00028C10,0x4,\x99V\x87h
0x00028CB8,0x4,\x99V\x87h
0x00028D60,0x4,\x99V\x87h
0x00028E08,0x4,\x99V\x87h
0x00028EB0,0x4,\x99V\x87h
0x00028F58,0x4,\x99V\x87h
0x00029000,0x4,\x99V\x87h
0x000290A8,0x4,\x99V\x87h
0x00029150,0x4,\x99V\x87h
0x000291F8,0x4,\x99V\x87h
0x000292A0,0x4,\x99V\x87h
0x00029348,0x4,\x99V\x87h
0x000293F0,0x4,\x99V\x87h
0x00029498,0x4,\x99V\x87h
0x00029540,0x4,\x99V\x87h
0x000295E8,0x4,\x99V\x87h
0x00029690,0x4,\x99V\x87h
0x00029738,0x4,\x99V\x87h
0x000297E0,0x4,\x99V\x87h
0x00029888,0x4,\x99V\x87h
0x00029930,0x4,\x99V\x87h
0x000299D8,0x4,\x99V\x87h
0x00029A80,0x4,\x99V\x87h
0x00029B28,0x4,\x99V\x87h
0x00029BD0,0x4,\x99V\x87h
0x00029C78,0x4,\x99V\x87h
0x00029D20,0x4,\x99V\x87h
0x00029DC8,0x4,\x99V\x87h
0x00029E70,0x4,\x99V\x87h
0x00029F18,0x4,\x99V\x87h
0x00029FC0,0x4,\x99V\x87h
0x0002A068,0x4,\x99V\x87h
0x0002A110,0x4,\x99V\x87h
0x0002A1B8,0x4,\x99V\x87h
0x0002A260,0x4,\x99V\x87h
0x0002A308,0x4,\x99V\x87h
0x0002A3B0,0x4,\x99V\x87h
0x0002A458,0x4,\x99V\x87h
0x0002A500,0x4,\x99V\x87h
0x0002A5A8,0x4,\x99V\x87h
0x0002A650,0x4,\x99V\x87h
0x0002A6F8,0x4,\x99V\x87h
0x0002A7A0,0x4,\x99V\x87h
0x0002A848,0x4,\x99V\x87h
0x0002A8F0,0x4,\x99V\x87h
0x0002A998,0x4,\x99V\x87h
0x0002AA40,0x4,\x99V\x87h
0x0002AAE8,0x4,\x99V\x87h
0x0002AB90,0x4,\x99V\x87h
0x0002AC38,0x4,\x99V\x87h
0x0002ACE0,0x4,\x99V\x87h
0x0002AD88,0x4,\x99V\x87h
0x0002AE30,0x4,\x99V\x87h
0x0002AED8,0x4,\x99V\x87h
0x0002AF80,0x4,\x99V\x87h
0x0002B028,0x4,\x99V\x87h
0x0002B0D0,0x4,\x99V\x87h
0x0002B178,0x4,\x99V\x87h
0x0002B220,0x4,\x99V\x87h
0x0002B2C8,0x4,\x99V\x87h
0x0002B370,0x4,\x99V\x87h
0x0002B418,0x4,\x99V\x87h
0x0002B4C0,0x4,\x99V\x87h
0x0002B568,0x4,\x99V\x87h
0x0002B610,0x4,\x99V\x87h
0x0002B6B8,0x4,\x99V\x87h
0x0002B760,0x4,\x99V\x87h
0x0002B808,0x4,\x99V\x87h
0x0002B8B0,0x4,\x99V\x87h
0x0002B958,0x4,\x99V\x87h
0x0002BA00,0x4,\x99V\x87h
0x0002BAA8,0x4,\x99V\x87h
0x0002BB50,0x4,\x99V\x87h
0x0002BBF8,0x4,\x99V\x87h
0x0002BCA0,0x4,\x99V\x87h
0x0002BD48,0x4,\x99V\x87h
0x0002BDF0,0x4,\x99V\x87h
0x0002BE98,0x4,\x99V\x87h
0x0002BF40,0x4,\x99V\x87h
0x0002BFE8,0x4,\x99V\x87h
0x0002C090,0x4,\x99V\x87h
0x0002C138,0x4,\x99V\x87h
0x0002C1E0,0x4,\x99V\x87h
0x0002C288,0x4,\x99V\x87h
0x0002C330,0x4,\x99V\x87h
0x0002C3D8,0x4,\x99V\x87h
0x0002C480,0x4,\x99V\x87h
0x0002C528,0x4,\x99V\x87h
0x0002C5D0,0x4,\x99V\x87h
0x0002C678,0x4,\x99V\x87h
0x0002C720,0x4,\x99V\x87h
0x0002C7C8,0x4,\x99V\x87h
0x0002C870,0x4,\x99V\x87h
0x0002C918,0x4,\x99V\x87h
0x0002C9C0,0x4,\x99V\x87h
0x0002CA68,0x4,\x99V\x87h
0x0002CB10,0x4,\x99V\x87h
0x0002CBB8,0x4,\x99V\x87h
0x0002CC60,0x4,\x99V\x87h
0x0002CD08,0x4,\x99V\x87h
0x0002CDB0,0x4,\x99V\x87h
0x0002CE58,0x4,\x99V\x87h
0x0002CF00,0x4,\x99V\x87h
0x0002CFA8,0x4,\x99V\x87h
0x0002D050,0x4,\x99V\x87h
0x0002D0F8,0x4,\x99V\x87h
0x0002D1A0,0x4,\x99V\x87h
0x0002D248,0x4,\x99V\x87h
0x0002D2F0,0x4,\x99V\x87h
0x0002D398,0x4,\x99V\x87h
0x0002D440,0x4,\x99V\x87h
0x0002D4E8,0x4,\x99V\x87h
0x0002D590,0x4,\x99V\x87h
0x0002D638,0x4,\x99V\x87h
0x0002D6E0,0x4,\x99V\x87h
0x0002D788,0x4,\x99V\x87h
0x0002D830,0x4,\x99V\x87h
0x0002D8D8,0x4,\x99V\x87h
0x0002D980,0x4,\x99V\x87h
0x0002DA28,0x4,\x99V\x87h
0x0002DAD0,0x4,\x99V\x87h
0x0002DB78,0x4,\x99V\x87h
0x0002DC20,0x4,\x99V\x87h
0x0002DCC8,0x4,\x99V\x87h
0x0002DD70,0x4,\x99V\x87h
0x0002DE18,0x4,\x99V\x87h
0x0002DEC0,0x4,\x99V\x87h
0x0002DF68,0x4,\x99V\x87h
0x0002E010,0x4,\x99V\x87h
0x0002E0B8,0x4,\x99V\x87h
0x0002E160,0x4,\x99V\x87h
0x0002E208,0x4,\x99V\x87h
0x0002E2B0,0x4,\x99V\x87h
0x0002E358,0x4,\x99V\x87h
0x0002E400,0x4,\x99V\x87h
0x0002E4A8,0x4,\x99V\x87h
0x0002E550,0x4,\x99V\x87h
0x0002E5F8,0x4,\x99V\x87h
0x0002E6A0,0x4,\x99V\x87h
0x0002E748,0x4,\x99V\x87h
0x0002E7F0,0x4,\x99V\x87h
0x0002E898,0x4,\x99V\x87h
0x0002E940,0x4,\x99V\x87h
0x0002E9E8,0x4,\x99V\x87h
0x0002EA90,0x4,\x99V\x87h
0x0002EB38,0x4,\x99V\x87h
0x0002EBE0,0x4,\x99V\x87h
0x0002EC88,0x4,\x99V\x87h
0x0002ED30,0x4,\x99V\x87h
0x0002EDD8,0x4,\x99V\x87h
0x0002EE80,0x4,\x99V\x87h
0x0002EF28,0x4,\x99V\x87h
0x0002EFD0,0x4,\x99V\x87h
0x0002F078,0x4,\x99V\x83h
